{"cameraMode":{"drawMode":0,"name":"Shaded","section":"Shading Mode"},"sceneLighting":true,"audioPlay":false,"sceneViewState":{"m_AlwaysRefresh":false,"showFog":true,"showSkybox":false,"showFlares":true,"showImageEffects":true,"showParticleSystems":true,"showVisualEffectGraphs":true,"m_FxEnabled":true},"in2DMode":false,"pivot":{"x":-0.058563485741615298,"y":0.5745408535003662,"z":-0.07289226353168488},"rotation":{"x":-0.3040602207183838,"y":-0.04513630270957947,"z":0.014424203895032406,"w":-0.9514766931533814},"size":0.7707608938217163,"orthographic":false}