{"cameraMode":{"drawMode":0,"name":"Shaded","section":"Shading Mode"},"sceneLighting":false,"audioPlay":false,"sceneViewState":{"m_AlwaysRefresh":false,"showFog":true,"showSkybox":false,"showFlares":true,"showImageEffects":true,"showParticleSystems":true,"showVisualEffectGraphs":true,"m_FxEnabled":true},"in2DMode":false,"pivot":{"x":-2.3308300971984865,"y":0.2182636260986328,"z":9.595168113708496},"rotation":{"x":-0.3040602207183838,"y":-0.04513630270957947,"z":0.014424203895032406,"w":-0.9514766931533814},"size":10.241167068481446,"orthographic":false}